{
  "module": "L4",
  "version": "1.0",
  "metrics": {
    "baseline_metric": 1.0,
    "masked_metric": 1.0,
    "deletion_drop": 0.0,
    "stability_tau": 1.0,
    "infidelity": 1.0,
    "top_k": 1,
    "feature_importance": {
      "f1": 0.625,
      "f2": 0.0,
      "f3": 0.0,
      "f4": 0.0
    },
    "shap_importance": {
      "f1": 0.3101005517214048,
      "f2": 0.08482744878021077,
      "f3": 3.897080934777969e-05,
      "f4": 2.494971613848378e-05
    },
    "shap_sample": {
      "feature_names": [
        "f1",
        "f2",
        "f3",
        "f4"
      ],
      "values": [
        [
          0.3881834244570105,
          0.09327830363989341,
          3.985650956022923e-05,
          -3.603847886669879e-05
        ],
        [
          0.34802651847869903,
          0.10667211134203196,
          2.657100637348621e-06,
          -3.603847886669879e-05
        ],
        [
          0.3078696125003876,
          0.09997520749096268,
          -7.17417172084126e-05,
          2.77219068205376e-06
        ],
        [
          -0.2677127065220761,
          -0.0674473887857691,
          3.985650956022923e-05,
          -3.603847886669879e-05
        ],
        [
          -0.29448397717428376,
          -0.08084119648790765,
          7.705591848310984e-05,
          2.77219068205376e-06
        ],
        [
          -0.2543270711959723,
          -0.06075048493469983,
          2.657100637348621e-06,
          -3.603847886669879e-05
        ]
      ],
      "base_value": 2.9253800565953725e-05,
      "indices": [
        1,
        3,
        4,
        2,
        0,
        5
      ]
    }
  },
  "score": 40.0,
  "band": "red",
  "evidence": [
    "data/explain_demo.csv"
  ],
  "notes": "L4 permutation-importance deletion test"
}