{
  "module": "L4",
  "version": "1.0",
  "metrics": {
    "baseline_metric": 1.0,
    "masked_metric": 1.0,
    "deletion_drop": 0.0,
    "stability_tau": 1.0,
    "infidelity": 1.0,
    "top_k": 1,
    "feature_importance": {
      "f1": 0.4791666666666667,
      "f2": 0.0625,
      "f3": 0.0,
      "f4": 0.0
    },
    "shap_importance": {
      "f1": 0.23672861122695388,
      "f2": 0.16112034179561688,
      "f3": 0.02131392526121305,
      "f4": 0.012858679516207255
    }
  },
  "score": 40.0,
  "band": "red",
  "evidence": [
    "data/explain_demo.csv"
  ],
  "notes": "L4 permutation-importance deletion test"
}